{
  "running_average": {
    "Motivational": 0.0,
    "Educational": 0.36727272727272725,
    "Financial": 0.010909090909090908,
    "Political": 0.62
  },
  "count": 11
}